"","SYMBOL","Gene","Feature","BIOTYPE","EXON","Consequence","cDNA_position","Protein_position","Amino_acids","Codons","Existing_variation","CANONICAL","SWISSPROT","UNIPROT_ISOFORM","ENSP","GIVEN_REF","USED_REF","DOMAINS","AF","AFR_AF","AMR_AF","EAS_AF","EUR_AF","SOURCE"
"1","AGRN","ENSG00000188157","ENST00000379370.7","protein_coding","18/36","missense_variant","3087","1012","A/T","Gca/Aca","rs144781935,COSV65071817","YES","O00468.200","O00468-6","ENSP00000368678","G","G","PANTHER:PTHR10913,PANTHER:PTHR10913:SF74,MobiDB_lite:mobidb-lite,MobiDB_lite:mobidb-lite","0.0002","0","0","0","0","Ensembl"
"2","AGRN","375790","NM_198576.4","protein_coding","18/36","missense_variant","3087","1012","A/T","Gca/Aca","rs144781935,COSV65071817","YES","-","-","NP_940978.2","G","G","-","0.0002","0","0","0","0","RefSeq"
"3","PLA2G2F","ENSG00000158786","ENST00000375102.4","protein_coding","3/5","missense_variant","328","75","V/I","Gtc/Atc","rs370472527,COSV64280279","YES","Q9BZM2.161","Q9BZM2-2","ENSP00000364243","G","G","Gene3D:1.20.90.10,Pfam:PF00068,Prints:PR00389,PANTHER:PTHR11716,PANTHER:PTHR11716:SF8,SMART:SM00085,Superfamily:SSF48619,CDD:cd00125","-","-","-","-","-","Ensembl"
"4","PLA2G2F","64600","NM_022819.4","protein_coding","3/5","missense_variant","328","75","V/I","Gtc/Atc","rs370472527,COSV64280279","YES","-","-","NP_073730.3","G","G","-","-","-","-","-","-","RefSeq"
"5","PUM1","ENSG00000134644","ENST00000426105.7","protein_coding","21/22","missense_variant","3537","1142","V/I","Gtc/Atc","rs772139393","YES","Q14671.190","Q14671-3","ENSP00000391723","C","C","Gene3D:1.25.10.10,Pfam:PF00806,PROSITE_profiles:PS50302,PROSITE_profiles:PS50303,PANTHER:PTHR12537,PANTHER:PTHR12537:SF1,SMART:SM00025,Superfamily:SSF48371,CDD:cd07920","-","-","-","-","-","Ensembl"
"6","PUM1","9698","NM_001020658.2","protein_coding","21/22","missense_variant","3537","1142","V/I","Gtc/Atc","rs772139393","YES","-","-","NP_001018494.1","C","C","-","-","-","-","-","-","RefSeq"
"7","OR2T29","ENSG00000182783","ENST00000641069.1","protein_coding","2/2","missense_variant","871","272","P/S","Cct/Tct","rs1212870458","YES","Q8NH02.147","-","ENSP00000492895","G","G","AFDB-ENSP_mappings:AF-Q8NH02-F1.A,PROSITE_profiles:PS50262,CDD:cd15421,PANTHER:PTHR26453:SF316,PANTHER:PTHR26453,Gene3D:1.20.1070.10,Pfam:PF13853,Superfamily:SSF81321","-","-","-","-","-","Ensembl"
"8","OR2T29","343563","NM_001004694.3","protein_coding","2/2","missense_variant","871","272","P/S","Cct/Tct","rs1212870458","YES","-","-","NP_001004694.2","G","G","-","-","-","-","-","-","RefSeq"
"9","DNHD1","ENSG00000179532","ENST00000254579.11","protein_coding","21/43","missense_variant","5721","1714","S/L","tCa/tTa","rs201274362","YES","Q96M86.145","Q96M86-3","ENSP00000254579","C","C","AFDB-ENSP_mappings:AF-Q96M86-F3.A,AFDB-ENSP_mappings:AF-Q96M86-F4.A,AFDB-ENSP_mappings:AF-Q96M86-F5.A,AFDB-ENSP_mappings:AF-Q96M86-F6.A,AFDB-ENSP_mappings:AF-Q96M86-F7.A,AFDB-ENSP_mappings:AF-Q96M86-F8.A,AFDB-ENSP_mappings:AF-Q96M86-F9.A,PANTHER:PTHR10676,PANTHER:PTHR10676:SF359,Pfam:PF12774,Gene3D:3.40.50.300,Superfamily:SSF52540","0.0006","0","0.0043","0","0","Ensembl"
"10","DNHD1","144132","NM_144666.3","protein_coding","21/43","missense_variant","5721","1714","S/L","tCa/tTa","rs201274362","YES","-","-","NP_653267.2","C","C","-","0.0006","0","0.0043","0","0","RefSeq"
"11","CEP290","ENSG00000198707","ENST00000552810.6","protein_coding","32/54","missense_variant","4261","1349","M/V","Atg/Gtg","rs923112337","YES","O15078.190","-","ENSP00000448012","T","T","AFDB-ENSP_mappings:AF-O15078-F1.A,Coiled-coils_(Ncoils):Coil,Pfam:PF16574,PANTHER:PTHR18879,PANTHER:PTHR18879:SF20","-","-","-","-","-","Ensembl"
"12","CEP290","80184","NM_025114.4","protein_coding","32/54","missense_variant","4261","1349","M/V","Atg/Gtg","rs923112337","YES","-","-","NP_079390.3","T","T","-","-","-","-","-","-","RefSeq"
"13","TRAV8-7","ENSG00000211808","ENST00000390456.3","TR_V_gene","2/2","missense_variant","338","113","R/K","aGg/aAg","rs763199644","YES","-","-","ENSP00000450448","G","G","AFDB-ENSP_mappings:AF-A0A075B6U6-F1.A","-","-","-","-","-","Ensembl"
"14","HCN2","ENSG00000099822","ENST00000251287.3","protein_coding","8/8","missense_variant","2695","877","P/L","cCc/cTc","rs1372878001","YES","Q9UL51.177","-","ENSP00000251287","C","C","AFDB-ENSP_mappings:AF-Q9UL51-F1.A,MobiDB_lite:mobidb-lite","-","-","-","-","-","Ensembl"
"15","HCN2","610","NM_001194.4","protein_coding","8/8","missense_variant","2695","877","P/L","cCc/cTc","rs1372878001","YES","-","-","NP_001185.3","C","C","-","-","-","-","-","-","RefSeq"
"16","PEAK3","ENSG00000188305","ENST00000342063.5","protein_coding","4/4","missense_variant","854","254","A/V","gCa/gTa","rs202010475","YES","Q6ZS72.111","-","ENSP00000345102","G","G","AFDB-ENSP_mappings:AF-Q6ZS72-F1.A,PANTHER:PTHR22972:SF6,PANTHER:PTHR22972","0.0002","0","0.0014","0","0","Ensembl"
"17","PEAK3","374872","NM_198532.3","protein_coding","4/4","missense_variant","854","254","A/V","gCa/gTa","rs202010475","YES","-","-","NP_940934.1","G","G","-","0.0002","0","0.0014","0","0","RefSeq"
"18","SIGLEC14","ENSG00000254415","ENST00000360844.7","protein_coding","5/7","missense_variant","1033","323","H/D","Cat/Gat","rs756249241","YES","Q08ET2.112","-","ENSP00000354090","G","G","Gene3D:2.60.40.10,AFDB-ENSP_mappings:AF-Q08ET2-F1.A,Pfam:PF13895,PROSITE_patterns:PS00290,PROSITE_profiles:PS50835,PANTHER:PTHR12035,PANTHER:PTHR12035:SF109,SMART:SM00408,SMART:SM00409,Superfamily:SSF48726","-","-","-","-","-","Ensembl"
"19","SIGLEC14","100049587","NM_001098612.3","protein_coding","5/7","missense_variant","1033","323","H/D","Cat/Gat","rs756249241","YES","-","-","NP_001092082.1","G","G","-","-","-","-","-","-","RefSeq"
"20","ATAD2B","ENSG00000119778","ENST00000238789.10","protein_coding","11/28","missense_variant","1545","398","R/W","Cgg/Tgg","rs764293189","YES","Q9ULI0.151","-","ENSP00000238789","G","G","AFDB-ENSP_mappings:AF-Q9ULI0-F1.A,Gene3D:3.40.50.300,Superfamily:SSF52540,PANTHER:PTHR23069:SF5,PANTHER:PTHR23069","-","-","-","-","-","Ensembl"
"21","ATAD2B","54454","NM_017552.4","protein_coding","11/28","missense_variant","1545","398","R/W","Cgg/Tgg","rs764293189","YES","-","-","NP_060022.2","G","G","-","-","-","-","-","-","RefSeq"
"22","ZSWIM2","ENSG00000163012","ENST00000295131.3","protein_coding","6/9","missense_variant","798","253","I/T","aTa/aCa","rs188840579","YES","Q8NEG5.146","-","ENSP00000295131","A","A","PDB-ENSP_mappings:2dip.A,AFDB-ENSP_mappings:AF-Q8NEG5-F1.A,PROSITE_profiles:PS50135,PANTHER:PTHR21540,PANTHER:PTHR21540:SF3,PROSITE_patterns:PS01357,Gene3D:3.30.60.90,Pfam:PF00569,Superfamily:SSF57850","0.0002","0","0.0014","0","0","Ensembl"
"23","ZSWIM2","151112","NM_182521.3","protein_coding","6/9","missense_variant","798","253","I/T","aTa/aCa","rs188840579","YES","-","-","NP_872327.2","A","A","-","0.0002","0","0.0014","0","0","RefSeq"
"24","SLC37A1","ENSG00000160190","ENST00000352133.3","protein_coding","6/20","missense_variant","1447","135","L/F","Ctc/Ttc","rs770907226","YES","P57057.152","-","ENSP00000344648","C","C","Gene3D:1.20.1250.20,AFDB-ENSP_mappings:AF-P57057-F1.A,Pfam:PF07690,PIRSF:PIRSF002808,PROSITE_profiles:PS50850,PANTHER:PTHR43184,PANTHER:PTHR43184:SF11,Superfamily:SSF103473,Transmembrane_helices:TMhelix,CDD:cd17344","-","-","-","-","-","Ensembl"
"25","SLC37A1","54020","NM_001320537.2","protein_coding","6/20","missense_variant","1447","135","L/F","Ctc/Ttc","rs770907226","YES","-","-","NP_001307466.1","C","C","-","-","-","-","-","-","RefSeq"
"26","ATP2B2","ENSG00000157087","ENST00000360273.7","protein_coding","2/23","missense_variant","623","61","K/R","aAa/aGa","rs772521297","YES","Q01814.220","Q01814-1","ENSP00000353414","T","T","AFDB-ENSP_mappings:AF-Q01814-F1.A,Pfam:PF00690,SMART:SM00831,Superfamily:SSF81665,PANTHER:PTHR24093:SF377,PANTHER:PTHR24093","-","-","-","-","-","Ensembl"
"27","ATP2B2","491","NM_001001331.4","protein_coding","2/23","missense_variant","623","61","K/R","aAa/aGa","rs772521297","YES","-","-","NP_001001331.1","T","T","-","-","-","-","-","-","RefSeq"
"28","LMOD3","ENSG00000163380","ENST00000420581.7","protein_coding","2/3","missense_variant","1693","495","R/H","cGc/cAc","rs780071005,COSV70456630","YES","Q0VAK6.120","Q0VAK6-1","ENSP00000414670","C","C","AFDB-ENSP_mappings:AF-Q0VAK6-F1.A,PANTHER:PTHR10901:SF3,PANTHER:PTHR10901,MobiDB_lite:mobidb-lite,MobiDB_lite:mobidb-lite","-","-","-","-","-","Ensembl"
"29","LMOD3","56203","NM_198271.5","protein_coding","2/3","missense_variant","1693","495","R/H","cGc/cAc","rs780071005,COSV70456630","YES","-","-","NP_938012.2","C","C","-","-","-","-","-","-","RefSeq"
"30","MAGI2","ENSG00000187391","ENST00000354212.9","protein_coding","18/22","missense_variant","3386","1013","N/K","aaC/aaA","rs773558417","YES","Q86UL8.183","Q86UL8-1","ENSP00000346151","G","G","PDB-ENSP_mappings:1uew.A,Gene3D:2.30.42.10,AFDB-ENSP_mappings:AF-Q86UL8-F1.A,PANTHER:PTHR10316,PANTHER:PTHR10316:SF27,MobiDB_lite:mobidb-lite,MobiDB_lite:mobidb-lite","-","-","-","-","-","Ensembl"
"31","MAGI2","9863","NM_012301.4","protein_coding","18/22","missense_variant","3386","1013","N/K","aaC/aaA","rs773558417","YES","-","-","NP_036433.2","G","G","-","-","-","-","-","-","RefSeq"
"32","PDLIM2","64236","NM_021630.6","protein_coding","1/10","missense_variant","647","203","G/E","gGa/gAa","rs1401948340","YES","-","-","NP_067643.3","G","G","-","-","-","-","-","-","RefSeq"
"33","MROH5","ENSG00000226807","ENST00000430863.5","protein_coding_LoF","2/30","missense_variant","187","36","M/V","Atg/Gtg","rs746632513","YES","-","-","ENSP00000431031","T","T","-","-","-","-","-","-","Ensembl"
