SYMBOL,Gene,Feature,BIOTYPE,EXON,Consequence,cDNA_position,Protein_position,Amino_acids,Codons,Existing_variation,CANONICAL,SWISSPROT,UNIPROT_ISOFORM,ENSP,GIVEN_REF,USED_REF,DOMAINS,AF,AFR_AF,AMR_AF,EAS_AF,EUR_AF,SOURCE
AGRN,ENSG00000188157,ENST00000379370.7,protein_coding,18/36,missense_variant,3087,1012,A/T,Gca/Aca,"rs144781935,COSV65071817",YES,O00468.200,O00468-6,ENSP00000368678,G,G,"PANTHER:PTHR10913,PANTHER:PTHR10913:SF74,MobiDB_lite:mobidb-lite,MobiDB_lite:mobidb-lite",0.0002,0,0,0,0,Ensembl
AGRN,ENSG00000188157,ENST00000620552.4,protein_coding,18/39,missense_variant,3084,874,A/T,Gca/Aca,"rs144781935,COSV65071817",-,-,-,ENSP00000484607,G,G,"PANTHER:PTHR10913,PANTHER:PTHR10913:SF74,MobiDB_lite:mobidb-lite,MobiDB_lite:mobidb-lite",0.0002,0,0,0,0,Ensembl
AGRN,ENSG00000188157,ENST00000651234.1,protein_coding,17/38,missense_variant,3169,907,A/T,Gca/Aca,"rs144781935,COSV65071817",-,-,-,ENSP00000499046,G,G,"PANTHER:PTHR10913,PANTHER:PTHR10913:SF74,MobiDB_lite:mobidb-lite,MobiDB_lite:mobidb-lite",0.0002,0,0,0,0,Ensembl
AGRN,ENSG00000188157,ENST00000652369.1,protein_coding,17/35,missense_variant,3169,907,A/T,Gca/Aca,"rs144781935,COSV65071817",-,-,-,ENSP00000498543,G,G,"PANTHER:PTHR10913,PANTHER:PTHR10913:SF74,MobiDB_lite:mobidb-lite,MobiDB_lite:mobidb-lite",0.0002,0,0,0,0,Ensembl
AGRN,375790,NM_001305275.2,protein_coding,18/39,missense_variant,3087,1012,A/T,Gca/Aca,"rs144781935,COSV65071817",-,-,-,NP_001292204.1,G,G,-,0.0002,0,0,0,0,RefSeq
AGRN,375790,NM_001364727.2,protein_coding,17/36,missense_variant,3282,907,A/T,Gca/Aca,"rs144781935,COSV65071817",-,-,-,NP_001351656.1,G,G,-,0.0002,0,0,0,0,RefSeq
AGRN,375790,NM_198576.4,protein_coding,18/36,missense_variant,3087,1012,A/T,Gca/Aca,"rs144781935,COSV65071817",YES,-,-,NP_940978.2,G,G,-,0.0002,0,0,0,0,RefSeq
AGRN,375790,XM_005244749.3,protein_coding,18/37,missense_variant,3105,1012,A/T,Gca/Aca,"rs144781935,COSV65071817",-,-,-,XP_005244806.1,G,G,-,0.0002,0,0,0,0,RefSeq
AGRN,375790,XM_011541429.2,protein_coding,18/37,missense_variant,3105,1012,A/T,Gca/Aca,"rs144781935,COSV65071817",-,-,-,XP_011539731.1,G,G,-,0.0002,0,0,0,0,RefSeq
PLA2G2F,ENSG00000158786,ENST00000375102.4,protein_coding,03-may,missense_variant,328,75,V/I,Gtc/Atc,"rs370472527,COSV64280279",YES,Q9BZM2.161,Q9BZM2-2,ENSP00000364243,G,G,"Gene3D:1.20.90.10,Pfam:PF00068,Prints:PR00389,PANTHER:PTHR11716,PANTHER:PTHR11716:SF8,SMART:SM00085,Superfamily:SSF48619,CDD:cd00125",-,-,-,-,-,Ensembl
PLA2G2F,64600,NM_001360869.2,protein_coding,03-may,missense_variant,328,32,V/I,Gtc/Atc,"rs370472527,COSV64280279",-,-,-,NP_001347798.1,G,G,-,-,-,-,-,-,RefSeq
PLA2G2F,64600,NM_022819.4,protein_coding,03-may,missense_variant,328,75,V/I,Gtc/Atc,"rs370472527,COSV64280279",YES,-,-,NP_073730.3,G,G,-,-,-,-,-,-,RefSeq
PLA2G2F,64600,XM_011541955.1,protein_coding,03-may,missense_variant,314,75,V/I,Gtc/Atc,"rs370472527,COSV64280279",-,-,-,XP_011540257.1,G,G,-,-,-,-,-,-,RefSeq
PLA2G2F,64600,XM_011541956.1,protein_coding,03-jun,missense_variant,325,75,V/I,Gtc/Atc,"rs370472527,COSV64280279",-,-,-,XP_011540258.1,G,G,-,-,-,-,-,-,RefSeq
PUM1,ENSG00000134644,ENST00000257075.9,protein_coding,21/22,missense_variant,3512,1140,V/I,Gtc/Atc,rs772139393,-,Q14671.190,Q14671-1,ENSP00000257075,C,C,"Gene3D:1.25.10.10,PDB-ENSP_mappings:1ib2.A,PDB-ENSP_mappings:1m8w.A,PDB-ENSP_mappings:1m8w.B,PDB-ENSP_mappings:1m8x.A,PDB-ENSP_mappings:1m8x.B,PDB-ENSP_mappings:1m8y.A,PDB-ENSP_mappings:1m8y.B,PDB-ENSP_mappings:1m8z.A,PDB-ENSP_mappings:2yjy.A,PDB-ENSP_mappings:2yjy.B,PDB-ENSP_mappings:3bsb.A,PDB-ENSP_mappings:3bsb.B,PDB-ENSP_mappings:3bsx.A,PDB-ENSP_mappings:3bsx.B,PDB-ENSP_mappings:3q0l.A,PDB-ENSP_mappings:3q0l.B,PDB-ENSP_mappings:3q0m.A,PDB-ENSP_mappings:3q0m.B,PDB-ENSP_mappings:3q0n.A,PDB-ENSP_mappings:3q0n.B,PDB-ENSP_mappings:3q0o.A,PDB-ENSP_mappings:3q0o.B,PDB-ENSP_mappings:3q0p.A,PDB-ENSP_mappings:3q0p.B,PDB-ENSP_mappings:5ykh.A,PDB-ENSP_mappings:5yki.A,AFDB-ENSP_mappings:AF-Q14671-F1.A,Pfam:PF00806,PROSITE_profiles:PS50302,PROSITE_profiles:PS50303,PANTHER:PTHR12537,PANTHER:PTHR12537:SF1,SMART:SM00025,Superfamily:SSF48371,CDD:cd07920",-,-,-,-,-,Ensembl
PUM1,ENSG00000134644,ENST00000373741.8,protein_coding,21/22,missense_variant,3738,1178,V/I,Gtc/Atc,rs772139393,-,-,-,ENSP00000362846,C,C,"Gene3D:1.25.10.10,Pfam:PF00806,PROSITE_profiles:PS50302,PROSITE_profiles:PS50303,PANTHER:PTHR12537,PANTHER:PTHR12537:SF1,SMART:SM00025,Superfamily:SSF48371,CDD:cd07920",-,-,-,-,-,Ensembl
PUM1,ENSG00000134644,ENST00000373742.6,protein_coding,19/20,missense_variant,3241,1081,V/I,Gtc/Atc,rs772139393,-,Q14671.190,Q14671-4,ENSP00000362847,C,C,"Gene3D:1.25.10.10,Pfam:PF00806,PROSITE_profiles:PS50302,PROSITE_profiles:PS50303,PANTHER:PTHR12537,PANTHER:PTHR12537:SF1,SMART:SM00025,Superfamily:SSF48371,CDD:cd07920",-,-,-,-,-,Ensembl
PUM1,ENSG00000134644,ENST00000373747.7,protein_coding,21/22,missense_variant,3527,1143,V/I,Gtc/Atc,rs772139393,-,-,-,ENSP00000362852,C,C,"Gene3D:1.25.10.10,Pfam:PF00806,PROSITE_profiles:PS50302,PROSITE_profiles:PS50303,PANTHER:PTHR12537,PANTHER:PTHR12537:SF1,SMART:SM00025,Superfamily:SSF48371,CDD:cd07920",-,-,-,-,-,Ensembl
PUM1,ENSG00000134644,ENST00000424085.6,protein_coding,17/18,missense_variant,2783,898,V/I,Gtc/Atc,rs772139393,-,-,-,ENSP00000400141,C,C,"Gene3D:1.25.10.10,Pfam:PF00806,PROSITE_profiles:PS50302,PROSITE_profiles:PS50303,PANTHER:PTHR12537,PANTHER:PTHR12537:SF1,SMART:SM00025,Superfamily:SSF48371,CDD:cd07920",-,-,-,-,-,Ensembl
PUM1,ENSG00000134644,ENST00000426105.7,protein_coding,21/22,missense_variant,3537,1142,V/I,Gtc/Atc,rs772139393,YES,Q14671.190,Q14671-3,ENSP00000391723,C,C,"Gene3D:1.25.10.10,Pfam:PF00806,PROSITE_profiles:PS50302,PROSITE_profiles:PS50303,PANTHER:PTHR12537,PANTHER:PTHR12537:SF1,SMART:SM00025,Superfamily:SSF48371,CDD:cd07920",-,-,-,-,-,Ensembl
PUM1,ENSG00000134644,ENST00000440538.6,protein_coding,21/22,missense_variant,3426,1116,V/I,Gtc/Atc,rs772139393,-,Q14671.190,Q14671-2,ENSP00000401777,C,C,"Gene3D:1.25.10.10,Pfam:PF00806,PROSITE_profiles:PS50302,PROSITE_profiles:PS50303,PANTHER:PTHR12537,PANTHER:PTHR12537:SF1,SMART:SM00025,Superfamily:SSF48371,CDD:cd07920",-,-,-,-,-,Ensembl
PUM1,ENSG00000134644,ENST00000498419.5,protein_coding,16/17,missense_variant,2558,854,V/I,Gtc/Atc,rs772139393,-,-,-,ENSP00000433850,C,C,"Gene3D:1.25.10.10,Pfam:PF00806,PROSITE_profiles:PS50302,PROSITE_profiles:PS50303,PANTHER:PTHR12537,PANTHER:PTHR12537:SF1,SMART:SM00025,Superfamily:SSF48371,CDD:cd07920",-,-,-,-,-,Ensembl
PUM1,ENSG00000134644,ENST00000525843.5,protein_coding,20/21,missense_variant,3233,1079,V/I,Gtc/Atc,rs772139393,-,-,-,ENSP00000435825,C,C,"Gene3D:1.25.10.10,Pfam:PF00806,PROSITE_profiles:PS50302,PROSITE_profiles:PS50303,PANTHER:PTHR12537,PANTHER:PTHR12537:SF1,SMART:SM00025,Superfamily:SSF48371,CDD:cd07920",-,-,-,-,-,Ensembl
PUM1,9698,NM_001020658.2,protein_coding,21/22,missense_variant,3537,1142,V/I,Gtc/Atc,rs772139393,YES,-,-,NP_001018494.1,C,C,-,-,-,-,-,-,RefSeq
PUM1,9698,NM_014676.3,protein_coding,21/22,missense_variant,3531,1140,V/I,Gtc/Atc,rs772139393,-,-,-,NP_055491.1,C,C,-,-,-,-,-,-,RefSeq
MCOLN3,55283,XM_011541741.2,protein_coding,10-nov,missense_variant,1252,416,V/L,Gtg/Ttg,rs888943975,-,-,-,XP_011540043.1,C,C,-,-,-,-,-,-,RefSeq
OR2T29,ENSG00000182783,ENST00000328570.6,protein_coding,01-ene,missense_variant,839,272,P/S,Cct/Tct,rs1212870458,-,Q8NH02.147,-,ENSP00000331774,G,G,"AFDB-ENSP_mappings:AF-Q8NH02-F1.A,PROSITE_profiles:PS50262,CDD:cd15421,PANTHER:PTHR26453:SF316,PANTHER:PTHR26453,Gene3D:1.20.1070.10,Pfam:PF13853,Superfamily:SSF81321",-,-,-,-,-,Ensembl
OR2T29,ENSG00000182783,ENST00000641069.1,protein_coding,02-feb,missense_variant,871,272,P/S,Cct/Tct,rs1212870458,YES,Q8NH02.147,-,ENSP00000492895,G,G,"AFDB-ENSP_mappings:AF-Q8NH02-F1.A,PROSITE_profiles:PS50262,CDD:cd15421,PANTHER:PTHR26453:SF316,PANTHER:PTHR26453,Gene3D:1.20.1070.10,Pfam:PF13853,Superfamily:SSF81321",-,-,-,-,-,Ensembl
OR2T29,343563,NM_001004694.3,protein_coding,02-feb,missense_variant,871,272,P/S,Cct/Tct,rs1212870458,YES,-,-,NP_001004694.2,G,G,-,-,-,-,-,-,RefSeq
DNHD1,ENSG00000179532,ENST00000254579.11,protein_coding,21/43,missense_variant,5721,1714,S/L,tCa/tTa,rs201274362,YES,Q96M86.145,Q96M86-3,ENSP00000254579,C,C,"AFDB-ENSP_mappings:AF-Q96M86-F3.A,AFDB-ENSP_mappings:AF-Q96M86-F4.A,AFDB-ENSP_mappings:AF-Q96M86-F5.A,AFDB-ENSP_mappings:AF-Q96M86-F6.A,AFDB-ENSP_mappings:AF-Q96M86-F7.A,AFDB-ENSP_mappings:AF-Q96M86-F8.A,AFDB-ENSP_mappings:AF-Q96M86-F9.A,PANTHER:PTHR10676,PANTHER:PTHR10676:SF359,Pfam:PF12774,Gene3D:3.40.50.300,Superfamily:SSF52540",0.0006,0,0.0043,0,0,Ensembl
DNHD1,144132,NM_144666.3,protein_coding,21/43,missense_variant,5721,1714,S/L,tCa/tTa,rs201274362,YES,-,-,NP_653267.2,C,C,-,0.0006,0,0.0043,0,0,RefSeq
CEP290,ENSG00000198707,ENST00000309041.12,protein_coding,32/55,missense_variant,4272,1349,M/V,Atg/Gtg,rs923112337,-,-,-,ENSP00000308021,T,T,"Coiled-coils_(Ncoils):Coil,Pfam:PF16574,PANTHER:PTHR18879,PANTHER:PTHR18879:SF20",-,-,-,-,-,Ensembl
CEP290,ENSG00000198707,ENST00000547691.8,protein_coding,ago-28,missense_variant,1329,444,M/V,Atg/Gtg,rs923112337,-,-,-,ENSP00000446905,T,T,"Coiled-coils_(Ncoils):Coil,Pfam:PF16574,PANTHER:PTHR18879,PANTHER:PTHR18879:SF20",-,-,-,-,-,Ensembl
CEP290,ENSG00000198707,ENST00000552810.6,protein_coding,32/54,missense_variant,4261,1349,M/V,Atg/Gtg,rs923112337,YES,O15078.190,-,ENSP00000448012,T,T,"AFDB-ENSP_mappings:AF-O15078-F1.A,Coiled-coils_(Ncoils):Coil,Pfam:PF16574,PANTHER:PTHR18879,PANTHER:PTHR18879:SF20",-,-,-,-,-,Ensembl
CEP290,ENSG00000198707,ENST00000673058.2,protein_coding,32/53,missense_variant,4272,1349,M/V,Atg/Gtg,rs923112337,-,-,-,ENSP00000500665,T,T,"Coiled-coils_(Ncoils):Coil,Pfam:PF16574,PANTHER:PTHR18879,PANTHER:PTHR18879:SF20",-,-,-,-,-,Ensembl
CEP290,ENSG00000198707,ENST00000675230.1,protein_coding,31/53,missense_variant,4251,1342,M/V,Atg/Gtg,rs923112337,-,-,-,ENSP00000502503,T,T,"Coiled-coils_(Ncoils):Coil,Pfam:PF16574,PANTHER:PTHR18879,PANTHER:PTHR18879:SF20",-,-,-,-,-,Ensembl
CEP290,ENSG00000198707,ENST00000675408.1,protein_coding,32/53,missense_variant,4272,1349,M/V,Atg/Gtg,rs923112337,-,-,-,ENSP00000502298,T,T,"Coiled-coils_(Ncoils):Coil,Pfam:PF16574,PANTHER:PTHR18879,PANTHER:PTHR18879:SF20",-,-,-,-,-,Ensembl
CEP290,ENSG00000198707,ENST00000675476.1,protein_coding,34/56,missense_variant,5133,1636,M/V,Atg/Gtg,rs923112337,-,-,-,ENSP00000502161,T,T,"Coiled-coils_(Ncoils):Coil,Pfam:PF16574,PANTHER:PTHR18879,PANTHER:PTHR18879:SF20",-,-,-,-,-,Ensembl
CEP290,ENSG00000198707,ENST00000675833.1,protein_coding,33/55,missense_variant,5040,1605,M/V,Atg/Gtg,rs923112337,-,-,-,ENSP00000502559,T,T,"Coiled-coils_(Ncoils):Coil,Pfam:PF16574,PANTHER:PTHR18879,PANTHER:PTHR18879:SF20",-,-,-,-,-,Ensembl
CEP290,80184,NM_025114.4,protein_coding,32/54,missense_variant,4261,1349,M/V,Atg/Gtg,rs923112337,YES,-,-,NP_079390.3,T,T,-,-,-,-,-,-,RefSeq
CEP290,80184,XM_011538756.3,protein_coding,34/57,missense_variant,5250,1636,M/V,Atg/Gtg,rs923112337,-,-,-,XP_011537058.1,T,T,-,-,-,-,-,-,RefSeq
CEP290,80184,XM_011538757.3,protein_coding,34/57,missense_variant,5058,1636,M/V,Atg/Gtg,rs923112337,-,-,-,XP_011537059.1,T,T,-,-,-,-,-,-,RefSeq
CEP290,80184,XM_011538758.3,protein_coding,34/57,missense_variant,5250,1636,M/V,Atg/Gtg,rs923112337,-,-,-,XP_011537060.1,T,T,-,-,-,-,-,-,RefSeq
CEP290,80184,XM_011538759.2,protein_coding,34/56,missense_variant,5250,1636,M/V,Atg/Gtg,rs923112337,-,-,-,XP_011537061.1,T,T,-,-,-,-,-,-,RefSeq
CEP290,80184,XM_011538760.2,protein_coding,34/56,missense_variant,5250,1636,M/V,Atg/Gtg,rs923112337,-,-,-,XP_011537062.1,T,T,-,-,-,-,-,-,RefSeq
CEP290,80184,XM_011538761.2,protein_coding,34/56,missense_variant,5250,1636,M/V,Atg/Gtg,rs923112337,-,-,-,XP_011537063.1,T,T,-,-,-,-,-,-,RefSeq
CEP290,80184,XM_011538762.3,protein_coding,33/56,missense_variant,4482,1380,M/V,Atg/Gtg,rs923112337,-,-,-,XP_011537064.1,T,T,-,-,-,-,-,-,RefSeq
CEP290,80184,XM_011538763.3,protein_coding,32/55,missense_variant,4389,1349,M/V,Atg/Gtg,rs923112337,-,-,-,XP_011537065.1,T,T,-,-,-,-,-,-,RefSeq
CEP290,80184,XM_011538764.3,protein_coding,34/48,missense_variant,5250,1636,M/V,Atg/Gtg,rs923112337,-,-,-,XP_011537066.1,T,T,-,-,-,-,-,-,RefSeq
CEP290,80184,XM_011538765.3,protein_coding,34/48,missense_variant,5250,1636,M/V,Atg/Gtg,rs923112337,-,-,-,XP_011537067.1,T,T,-,-,-,-,-,-,RefSeq
CEP290,80184,XM_011538766.3,protein_coding,20/43,missense_variant,3477,1123,M/V,Atg/Gtg,rs923112337,-,-,-,XP_011537068.1,T,T,-,-,-,-,-,-,RefSeq
CEP290,80184,XM_017019980.2,protein_coding,34/55,missense_variant,5250,1636,M/V,Atg/Gtg,rs923112337,-,-,-,XP_016875469.1,T,T,-,-,-,-,-,-,RefSeq
CEP290,80184,XM_017019981.2,protein_coding,34/55,missense_variant,5250,1636,M/V,Atg/Gtg,rs923112337,-,-,-,XP_016875470.1,T,T,-,-,-,-,-,-,RefSeq
CEP290,80184,XM_017019982.1,protein_coding,34/54,missense_variant,5250,1636,M/V,Atg/Gtg,rs923112337,-,-,-,XP_016875471.1,T,T,-,-,-,-,-,-,RefSeq
CEP290,80184,XM_017019983.2,protein_coding,31/54,missense_variant,4368,1342,M/V,Atg/Gtg,rs923112337,-,-,-,XP_016875472.1,T,T,-,-,-,-,-,-,RefSeq
TRAV8-7,ENSG00000211808,ENST00000390456.3,TR_V_gene,02-feb,missense_variant,338,113,R/K,aGg/aAg,rs763199644,YES,-,-,ENSP00000450448,G,G,AFDB-ENSP_mappings:AF-A0A075B6U6-F1.A,-,-,-,-,-,Ensembl
HCN2,ENSG00000099822,ENST00000251287.3,protein_coding,08-ago,missense_variant,2695,877,P/L,cCc/cTc,rs1372878001,YES,Q9UL51.177,-,ENSP00000251287,C,C,"AFDB-ENSP_mappings:AF-Q9UL51-F1.A,MobiDB_lite:mobidb-lite",-,-,-,-,-,Ensembl
HCN2,610,NM_001194.4,protein_coding,08-ago,missense_variant,2695,877,P/L,cCc/cTc,rs1372878001,YES,-,-,NP_001185.3,C,C,-,-,-,-,-,-,RefSeq
PEAK3,ENSG00000188305,ENST00000342063.5,protein_coding,04-abr,missense_variant,854,254,A/V,gCa/gTa,rs202010475,YES,Q6ZS72.111,-,ENSP00000345102,G,G,"AFDB-ENSP_mappings:AF-Q6ZS72-F1.A,PANTHER:PTHR22972:SF6,PANTHER:PTHR22972",0.0002,0,0.0014,0,0,Ensembl
PEAK3,374872,NM_198532.3,protein_coding,04-abr,missense_variant,854,254,A/V,gCa/gTa,rs202010475,YES,-,-,NP_940934.1,G,G,-,0.0002,0,0.0014,0,0,RefSeq
C19orf47,126526,XM_011526460.2,protein_coding,10-oct,missense_variant,1131,377,N/S,aAt/aGt,rs950791128,-,-,-,XP_011524762.1,T,T,-,-,-,-,-,-,RefSeq
C19orf47,126526,XM_024451364.1,protein_coding,10-oct,missense_variant,1145,340,N/S,aAt/aGt,rs950791128,-,-,-,XP_024307132.1,T,T,-,-,-,-,-,-,RefSeq
ERCC2,ENSG00000104884,ENST00000391944.8,protein_coding,22/22,missense_variant,2444,799,R/Q,cGg/cAg,rs762396053,-,-,-,ENSP00000375808,C,C,-,-,-,-,-,-,Ensembl
SIGLEC14,ENSG00000254415,ENST00000360844.7,protein_coding,05-jul,missense_variant,1033,323,H/D,Cat/Gat,rs756249241,YES,Q08ET2.112,-,ENSP00000354090,G,G,"Gene3D:2.60.40.10,AFDB-ENSP_mappings:AF-Q08ET2-F1.A,Pfam:PF13895,PROSITE_patterns:PS00290,PROSITE_profiles:PS50835,PANTHER:PTHR12035,PANTHER:PTHR12035:SF109,SMART:SM00408,SMART:SM00409,Superfamily:SSF48726",-,-,-,-,-,Ensembl
SIGLEC14,100049587,NM_001098612.3,protein_coding,05-jul,missense_variant,1033,323,H/D,Cat/Gat,rs756249241,YES,-,-,NP_001092082.1,G,G,-,-,-,-,-,-,RefSeq
ATAD2B,ENSG00000119778,ENST00000238789.10,protein_coding,nov-28,missense_variant,1545,398,R/W,Cgg/Tgg,rs764293189,YES,Q9ULI0.151,-,ENSP00000238789,G,G,"AFDB-ENSP_mappings:AF-Q9ULI0-F1.A,Gene3D:3.40.50.300,Superfamily:SSF52540,PANTHER:PTHR23069:SF5,PANTHER:PTHR23069",-,-,-,-,-,Ensembl
ATAD2B,54454,NM_001242338.3,protein_coding,nov-28,missense_variant,1545,398,R/W,Cgg/Tgg,rs764293189,-,-,-,NP_001229267.2,G,G,-,-,-,-,-,-,RefSeq
ATAD2B,54454,NM_001354107.2,protein_coding,dic-29,missense_variant,1587,412,R/W,Cgg/Tgg,rs764293189,-,-,-,NP_001341036.1,G,G,-,-,-,-,-,-,RefSeq
ATAD2B,54454,NM_017552.4,protein_coding,nov-28,missense_variant,1545,398,R/W,Cgg/Tgg,rs764293189,YES,-,-,NP_060022.2,G,G,-,-,-,-,-,-,RefSeq
ATAD2B,54454,XM_005264372.4,protein_coding,dic-29,missense_variant,1530,412,R/W,Cgg/Tgg,rs764293189,-,-,-,XP_005264429.2,G,G,-,-,-,-,-,-,RefSeq
ATAD2B,54454,XM_006712030.4,protein_coding,dic-29,missense_variant,1530,412,R/W,Cgg/Tgg,rs764293189,-,-,-,XP_006712093.1,G,G,-,-,-,-,-,-,RefSeq
ATAD2B,54454,XM_006712031.4,protein_coding,dic-24,missense_variant,1530,412,R/W,Cgg/Tgg,rs764293189,-,-,-,XP_006712094.1,G,G,-,-,-,-,-,-,RefSeq
ATAD2B,54454,XM_011532918.3,protein_coding,dic-29,missense_variant,1530,412,R/W,Cgg/Tgg,rs764293189,-,-,-,XP_011531220.1,G,G,-,-,-,-,-,-,RefSeq
ATAD2B,54454,XM_011532919.3,protein_coding,dic-29,missense_variant,1530,412,R/W,Cgg/Tgg,rs764293189,-,-,-,XP_011531221.1,G,G,-,-,-,-,-,-,RefSeq
ATAD2B,54454,XM_011532920.3,protein_coding,nov-28,missense_variant,1488,398,R/W,Cgg/Tgg,rs764293189,-,-,-,XP_011531222.1,G,G,-,-,-,-,-,-,RefSeq
ATAD2B,54454,XM_011532924.3,protein_coding,dic-24,missense_variant,1530,412,R/W,Cgg/Tgg,rs764293189,-,-,-,XP_011531226.1,G,G,-,-,-,-,-,-,RefSeq
ATAD2B,54454,XM_011532925.3,protein_coding,dic-25,missense_variant,1530,412,R/W,Cgg/Tgg,rs764293189,-,-,-,XP_011531227.1,G,G,-,-,-,-,-,-,RefSeq
ATAD2B,54454,XM_011532928.2,protein_coding,dic-21,missense_variant,1530,412,R/W,Cgg/Tgg,rs764293189,-,-,-,XP_011531230.1,G,G,-,-,-,-,-,-,RefSeq
ATAD2B,54454,XM_011532929.3,protein_coding,dic-21,missense_variant,1530,412,R/W,Cgg/Tgg,rs764293189,-,-,-,XP_011531231.1,G,G,-,-,-,-,-,-,RefSeq
ATAD2B,54454,XM_011532930.3,protein_coding,dic-20,missense_variant,1530,412,R/W,Cgg/Tgg,rs764293189,-,-,-,XP_011531232.1,G,G,-,-,-,-,-,-,RefSeq
ATAD2B,54454,XM_011532931.3,protein_coding,dic-20,missense_variant,1530,412,R/W,Cgg/Tgg,rs764293189,-,-,-,XP_011531233.1,G,G,-,-,-,-,-,-,RefSeq
ATAD2B,54454,XM_011532932.2,protein_coding,dic-20,missense_variant,1530,412,R/W,Cgg/Tgg,rs764293189,-,-,-,XP_011531234.1,G,G,-,-,-,-,-,-,RefSeq
ATAD2B,54454,XM_017004375.2,protein_coding,nov-28,missense_variant,1488,398,R/W,Cgg/Tgg,rs764293189,-,-,-,XP_016859864.1,G,G,-,-,-,-,-,-,RefSeq
ZSWIM2,ENSG00000163012,ENST00000295131.3,protein_coding,06-sep,missense_variant,798,253,I/T,aTa/aCa,rs188840579,YES,Q8NEG5.146,-,ENSP00000295131,A,A,"PDB-ENSP_mappings:2dip.A,AFDB-ENSP_mappings:AF-Q8NEG5-F1.A,PROSITE_profiles:PS50135,PANTHER:PTHR21540,PANTHER:PTHR21540:SF3,PROSITE_patterns:PS01357,Gene3D:3.30.60.90,Pfam:PF00569,Superfamily:SSF57850",0.0002,0,0.0014,0,0,Ensembl
ZSWIM2,151112,NM_182521.3,protein_coding,06-sep,missense_variant,798,253,I/T,aTa/aCa,rs188840579,YES,-,-,NP_872327.2,A,A,-,0.0002,0,0.0014,0,0,RefSeq
SLC37A1,ENSG00000160190,ENST00000352133.3,protein_coding,jun-20,missense_variant,1447,135,L/F,Ctc/Ttc,rs770907226,YES,P57057.152,-,ENSP00000344648,C,C,"Gene3D:1.20.1250.20,AFDB-ENSP_mappings:AF-P57057-F1.A,Pfam:PF07690,PIRSF:PIRSF002808,PROSITE_profiles:PS50850,PANTHER:PTHR43184,PANTHER:PTHR43184:SF11,Superfamily:SSF103473,Transmembrane_helices:TMhelix,CDD:cd17344",-,-,-,-,-,Ensembl
SLC37A1,ENSG00000160190,ENST00000398341.7,protein_coding,jul-21,missense_variant,815,135,L/F,Ctc/Ttc,rs770907226,-,P57057.152,-,ENSP00000381383,C,C,"Gene3D:1.20.1250.20,AFDB-ENSP_mappings:AF-P57057-F1.A,Pfam:PF07690,PIRSF:PIRSF002808,PROSITE_profiles:PS50850,PANTHER:PTHR43184,PANTHER:PTHR43184:SF11,Superfamily:SSF103473,Transmembrane_helices:TMhelix,CDD:cd17344",-,-,-,-,-,Ensembl
SLC37A1,54020,NM_001320537.2,protein_coding,jun-20,missense_variant,1447,135,L/F,Ctc/Ttc,rs770907226,YES,-,-,NP_001307466.1,C,C,-,-,-,-,-,-,RefSeq
SLC37A1,54020,NM_018964.4,protein_coding,jul-21,missense_variant,825,135,L/F,Ctc/Ttc,rs770907226,-,-,-,NP_061837.3,C,C,-,-,-,-,-,-,RefSeq
SLC37A1,54020,XM_011529614.3,protein_coding,may-18,missense_variant,6976,166,L/F,Ctc/Ttc,rs770907226,-,-,-,XP_011527916.1,C,C,-,-,-,-,-,-,RefSeq
SLC37A1,54020,XM_011529615.2,protein_coding,may-19,missense_variant,6972,166,L/F,Ctc/Ttc,rs770907226,-,-,-,XP_011527917.1,C,C,-,-,-,-,-,-,RefSeq
SLC37A1,54020,XM_017028376.2,protein_coding,may-18,missense_variant,6974,166,L/F,Ctc/Ttc,rs770907226,-,-,-,XP_016883865.1,C,C,-,-,-,-,-,-,RefSeq
SLC37A1,54020,XM_017028377.1,protein_coding,jul-21,missense_variant,740,135,L/F,Ctc/Ttc,rs770907226,-,-,-,XP_016883866.1,C,C,-,-,-,-,-,-,RefSeq
SLC37A1,54020,XM_017028378.1,protein_coding,jul-21,missense_variant,1199,135,L/F,Ctc/Ttc,rs770907226,-,-,-,XP_016883867.1,C,C,-,-,-,-,-,-,RefSeq
SLC37A1,54020,XM_017028379.1,protein_coding,ago-22,missense_variant,846,135,L/F,Ctc/Ttc,rs770907226,-,-,-,XP_016883868.1,C,C,-,-,-,-,-,-,RefSeq
SLC37A1,54020,XM_017028380.1,protein_coding,jun-20,missense_variant,646,135,L/F,Ctc/Ttc,rs770907226,-,-,-,XP_016883869.1,C,C,-,-,-,-,-,-,RefSeq
SLC37A1,54020,XM_017028381.1,protein_coding,jul-20,missense_variant,740,135,L/F,Ctc/Ttc,rs770907226,-,-,-,XP_016883870.1,C,C,-,-,-,-,-,-,RefSeq
SLC37A1,54020,XM_017028382.2,protein_coding,may-19,missense_variant,7312,109,L/F,Ctc/Ttc,rs770907226,-,-,-,XP_016883871.1,C,C,-,-,-,-,-,-,RefSeq
SLC37A1,54020,XM_017028383.1,protein_coding,jul-14,missense_variant,671,135,L/F,Ctc/Ttc,rs770907226,-,-,-,XP_016883872.1,C,C,-,-,-,-,-,-,RefSeq
ATP2B2,ENSG00000157087,ENST00000352432.9,protein_coding,ene-23,missense_variant,182,61,K/R,aAa/aGa,rs772521297,-,-,-,ENSP00000324172,T,T,"Pfam:PF00690,PANTHER:PTHR24093,PANTHER:PTHR24093:SF377,SMART:SM00831,Superfamily:SSF81665",-,-,-,-,-,Ensembl
ATP2B2,ENSG00000157087,ENST00000360273.7,protein_coding,feb-23,missense_variant,623,61,K/R,aAa/aGa,rs772521297,YES,Q01814.220,Q01814-1,ENSP00000353414,T,T,"AFDB-ENSP_mappings:AF-Q01814-F1.A,Pfam:PF00690,SMART:SM00831,Superfamily:SSF81665,PANTHER:PTHR24093:SF377,PANTHER:PTHR24093",-,-,-,-,-,Ensembl
ATP2B2,ENSG00000157087,ENST00000397077.6,protein_coding,feb-20,missense_variant,573,61,K/R,aAa/aGa,rs772521297,-,Q01814.220,Q01814-6,ENSP00000380267,T,T,"Pfam:PF00690,PANTHER:PTHR24093,PANTHER:PTHR24093:SF377,SMART:SM00831,Superfamily:SSF81665",-,-,-,-,-,Ensembl
ATP2B2,ENSG00000157087,ENST00000452124.2,protein_coding,ene-20,missense_variant,182,61,K/R,aAa/aGa,rs772521297,-,Q01814.220,Q01814-8,ENSP00000414854,T,T,"Pfam:PF00690,PANTHER:PTHR24093,PANTHER:PTHR24093:SF377,SMART:SM00831,Superfamily:SSF81665",-,-,-,-,-,Ensembl
ATP2B2,ENSG00000157087,ENST00000638646.2,protein_coding,ene-20,missense_variant,230,61,K/R,aAa/aGa,rs772521297,-,-,-,ENSP00000492732,T,T,"Pfam:PF00690,PANTHER:PTHR24093,PANTHER:PTHR24093:SF377,SMART:SM00831,Superfamily:SSF81665",-,-,-,-,-,Ensembl
ATP2B2,ENSG00000157087,ENST00000643662.1,protein_coding,feb-23,missense_variant,568,61,K/R,aAa/aGa,rs772521297,-,Q01814.220,Q01814-7,ENSP00000495924,T,T,"Pfam:PF00690,PANTHER:PTHR24093,PANTHER:PTHR24093:SF377,SMART:SM00831,Superfamily:SSF81665",-,-,-,-,-,Ensembl
ATP2B2,ENSG00000157087,ENST00000644807.1,protein_coding,ene-21,missense_variant,419,61,K/R,aAa/aGa,rs772521297,-,Q01814.220,Q01814-4,ENSP00000495228,T,T,"Pfam:PF00690,PANTHER:PTHR24093,PANTHER:PTHR24093:SF377,SMART:SM00831,Superfamily:SSF81665",-,-,-,-,-,Ensembl
ATP2B2,ENSG00000157087,ENST00000645850.1,protein_coding,ene-22,missense_variant,252,61,K/R,aAa/aGa,rs772521297,-,Q01814.220,Q01814-1,ENSP00000494716,T,T,"AFDB-ENSP_mappings:AF-Q01814-F1.A,Pfam:PF00690,PANTHER:PTHR24093,PANTHER:PTHR24093:SF377,SMART:SM00831,Superfamily:SSF81665",-,-,-,-,-,Ensembl
ATP2B2,ENSG00000157087,ENST00000646379.1,protein_coding,abr-22,missense_variant,734,61,K/R,aAa/aGa,rs772521297,-,Q01814.220,Q01814-6,ENSP00000494381,T,T,"Pfam:PF00690,PANTHER:PTHR24093,PANTHER:PTHR24093:SF377,SMART:SM00831,Superfamily:SSF81665",-,-,-,-,-,Ensembl
ATP2B2,491,NM_001001331.4,protein_coding,feb-23,missense_variant,623,61,K/R,aAa/aGa,rs772521297,YES,-,-,NP_001001331.1,T,T,-,-,-,-,-,-,RefSeq
ATP2B2,491,NM_001330611.3,protein_coding,feb-22,missense_variant,623,61,K/R,aAa/aGa,rs772521297,-,-,-,NP_001317540.1,T,T,-,-,-,-,-,-,RefSeq
ATP2B2,491,NM_001353564.1,protein_coding,mar-21,missense_variant,641,61,K/R,aAa/aGa,rs772521297,-,-,-,NP_001340493.1,T,T,-,-,-,-,-,-,RefSeq
ATP2B2,491,NM_001363862.1,protein_coding,feb-21,missense_variant,621,61,K/R,aAa/aGa,rs772521297,-,-,-,NP_001350791.1,T,T,-,-,-,-,-,-,RefSeq
ATP2B2,491,NM_001683.5,protein_coding,feb-20,missense_variant,623,61,K/R,aAa/aGa,rs772521297,-,-,-,NP_001674.2,T,T,-,-,-,-,-,-,RefSeq
ATP2B2,491,XM_005265179.5,protein_coding,abr-25,missense_variant,805,61,K/R,aAa/aGa,rs772521297,-,-,-,XP_005265236.1,T,T,-,-,-,-,-,-,RefSeq
ATP2B2,491,XM_006713175.4,protein_coding,abr-25,missense_variant,689,61,K/R,aAa/aGa,rs772521297,-,-,-,XP_006713238.1,T,T,-,-,-,-,-,-,RefSeq
ATP2B2,491,XM_011533752.3,protein_coding,feb-23,missense_variant,594,61,K/R,aAa/aGa,rs772521297,-,-,-,XP_011532054.1,T,T,-,-,-,-,-,-,RefSeq
ATP2B2,491,XM_017006481.2,protein_coding,may-26,missense_variant,932,61,K/R,aAa/aGa,rs772521297,-,-,-,XP_016861970.1,T,T,-,-,-,-,-,-,RefSeq
ATP2B2,491,XM_017006482.2,protein_coding,feb-23,missense_variant,623,61,K/R,aAa/aGa,rs772521297,-,-,-,XP_016861971.1,T,T,-,-,-,-,-,-,RefSeq
ATP2B2,491,XM_017006483.2,protein_coding,feb-21,missense_variant,621,61,K/R,aAa/aGa,rs772521297,-,-,-,XP_016861972.1,T,T,-,-,-,-,-,-,RefSeq
ATP2B2,491,XM_017006484.2,protein_coding,abr-23,missense_variant,689,61,K/R,aAa/aGa,rs772521297,-,-,-,XP_016861973.1,T,T,-,-,-,-,-,-,RefSeq
ATP2B2,491,XM_017006485.2,protein_coding,feb-24,missense_variant,621,61,K/R,aAa/aGa,rs772521297,-,-,-,XP_016861974.1,T,T,-,-,-,-,-,-,RefSeq
ATP2B2,491,XM_017006486.2,protein_coding,feb-25,missense_variant,621,61,K/R,aAa/aGa,rs772521297,-,-,-,XP_016861975.1,T,T,-,-,-,-,-,-,RefSeq
ATP2B2,491,XM_017006487.1,protein_coding,abr-22,missense_variant,688,61,K/R,aAa/aGa,rs772521297,-,-,-,XP_016861976.1,T,T,-,-,-,-,-,-,RefSeq
ATP2B2,491,XM_017006488.2,protein_coding,feb-22,missense_variant,621,61,K/R,aAa/aGa,rs772521297,-,-,-,XP_016861977.1,T,T,-,-,-,-,-,-,RefSeq
ATP2B2,491,XM_017006489.2,protein_coding,feb-23,missense_variant,621,61,K/R,aAa/aGa,rs772521297,-,-,-,XP_016861978.1,T,T,-,-,-,-,-,-,RefSeq
ATP2B2,491,XM_017006492.2,protein_coding,feb-24,missense_variant,621,61,K/R,aAa/aGa,rs772521297,-,-,-,XP_016861981.1,T,T,-,-,-,-,-,-,RefSeq
LMOD3,ENSG00000163380,ENST00000420581.7,protein_coding,02-mar,missense_variant,1693,495,R/H,cGc/cAc,"rs780071005,COSV70456630",YES,Q0VAK6.120,Q0VAK6-1,ENSP00000414670,C,C,"AFDB-ENSP_mappings:AF-Q0VAK6-F1.A,PANTHER:PTHR10901:SF3,PANTHER:PTHR10901,MobiDB_lite:mobidb-lite,MobiDB_lite:mobidb-lite",-,-,-,-,-,Ensembl
LMOD3,ENSG00000163380,ENST00000475434.1,protein_coding,03-abr,missense_variant,1668,495,R/H,cGc/cAc,"rs780071005,COSV70456630",-,Q0VAK6.120,Q0VAK6-1,ENSP00000418645,C,C,"AFDB-ENSP_mappings:AF-Q0VAK6-F1.A,PANTHER:PTHR10901,PANTHER:PTHR10901:SF3,MobiDB_lite:mobidb-lite,MobiDB_lite:mobidb-lite",-,-,-,-,-,Ensembl
LMOD3,ENSG00000163380,ENST00000489031.5,protein_coding,03-abr,missense_variant,1599,495,R/H,cGc/cAc,"rs780071005,COSV70456630",-,Q0VAK6.120,Q0VAK6-1,ENSP00000417210,C,C,"AFDB-ENSP_mappings:AF-Q0VAK6-F1.A,PANTHER:PTHR10901,PANTHER:PTHR10901:SF3,MobiDB_lite:mobidb-lite,MobiDB_lite:mobidb-lite",-,-,-,-,-,Ensembl
LMOD3,56203,NM_001304418.3,protein_coding,03-abr,missense_variant,1599,495,R/H,cGc/cAc,"rs780071005,COSV70456630",-,-,-,NP_001291347.1,C,C,-,-,-,-,-,-,RefSeq
LMOD3,56203,NM_198271.5,protein_coding,02-mar,missense_variant,1693,495,R/H,cGc/cAc,"rs780071005,COSV70456630",YES,-,-,NP_938012.2,C,C,-,-,-,-,-,-,RefSeq
INPP4B,8821,XM_017008797.1,protein_coding,ene-20,missense_variant,59,14,S/F,tCt/tTt,rs186189106,-,-,-,XP_016864286.1,G,G,-,0.0002,0,0.0014,0,0,RefSeq
MAGI2,ENSG00000187391,ENST00000354212.9,protein_coding,18/22,missense_variant,3386,1013,N/K,aaC/aaA,rs773558417,YES,Q86UL8.183,Q86UL8-1,ENSP00000346151,G,G,"PDB-ENSP_mappings:1uew.A,Gene3D:2.30.42.10,AFDB-ENSP_mappings:AF-Q86UL8-F1.A,PANTHER:PTHR10316,PANTHER:PTHR10316:SF27,MobiDB_lite:mobidb-lite,MobiDB_lite:mobidb-lite",-,-,-,-,-,Ensembl
MAGI2,ENSG00000187391,ENST00000419488.5,protein_coding,17/21,missense_variant,3232,999,N/K,aaC/aaA,rs773558417,-,Q86UL8.183,Q86UL8-2,ENSP00000405766,G,G,"Gene3D:2.30.42.10,PANTHER:PTHR10316,PANTHER:PTHR10316:SF27,MobiDB_lite:mobidb-lite,MobiDB_lite:mobidb-lite",-,-,-,-,-,Ensembl
MAGI2,ENSG00000187391,ENST00000519748.5,protein_coding,13/16,missense_variant,2085,606,N/K,aaC/aaA,rs773558417,-,-,-,ENSP00000486774,G,G,"PANTHER:PTHR10316:SF27,PANTHER:PTHR10316,Gene3D:2.30.42.10,MobiDB_lite:mobidb-lite,MobiDB_lite:mobidb-lite",-,-,-,-,-,Ensembl
MAGI2,ENSG00000187391,ENST00000522391.3,protein_coding,18/23,missense_variant,3178,1013,N/K,aaC/aaA,rs773558417,-,-,-,ENSP00000428389,G,G,"Gene3D:2.30.42.10,PANTHER:PTHR10316,PANTHER:PTHR10316:SF27,MobiDB_lite:mobidb-lite,MobiDB_lite:mobidb-lite",-,-,-,-,-,Ensembl
MAGI2,ENSG00000187391,ENST00000535697.5,protein_coding,15/19,missense_variant,2583,861,N/K,aaC/aaA,rs773558417,-,-,-,ENSP00000441603,G,G,"PANTHER:PTHR10316,PANTHER:PTHR10316:SF27,Gene3D:2.30.42.10,MobiDB_lite:mobidb-lite,MobiDB_lite:mobidb-lite",-,-,-,-,-,Ensembl
MAGI2,ENSG00000187391,ENST00000626691.2,protein_coding,17/22,missense_variant,2883,850,N/K,aaC/aaA,rs773558417,-,-,-,ENSP00000486131,G,G,"Gene3D:2.30.42.10,PANTHER:PTHR10316,PANTHER:PTHR10316:SF27,MobiDB_lite:mobidb-lite,MobiDB_lite:mobidb-lite",-,-,-,-,-,Ensembl
MAGI2,ENSG00000187391,ENST00000628980.2,protein_coding,16/20,missense_variant,2625,875,N/K,aaC/aaA,rs773558417,-,-,-,ENSP00000487526,G,G,"PANTHER:PTHR10316,PANTHER:PTHR10316:SF27,Gene3D:2.30.42.10,MobiDB_lite:mobidb-lite,MobiDB_lite:mobidb-lite",-,-,-,-,-,Ensembl
MAGI2,ENSG00000187391,ENST00000629359.2,protein_coding,16/21,missense_variant,3052,836,N/K,aaC/aaA,rs773558417,-,-,-,ENSP00000487448,G,G,"PANTHER:PTHR10316,PANTHER:PTHR10316:SF27,Gene3D:2.30.42.10,MobiDB_lite:mobidb-lite,MobiDB_lite:mobidb-lite",-,-,-,-,-,Ensembl
MAGI2,ENSG00000187391,ENST00000636178.1,protein_coding,13/13,missense_variant,2202,703,N/K,aaC/aaA,rs773558417,-,-,-,ENSP00000489709,G,G,"PANTHER:PTHR10316,PANTHER:PTHR10316:SF27,Gene3D:2.30.42.10,MobiDB_lite:mobidb-lite,MobiDB_lite:mobidb-lite",-,-,-,-,-,Ensembl
MAGI2,ENSG00000187391,ENST00000637282.1,protein_coding,13/17,missense_variant,2094,606,N/K,aaC/aaA,rs773558417,-,-,-,ENSP00000490637,G,G,"PANTHER:PTHR10316,PANTHER:PTHR10316:SF27,Gene3D:2.30.42.10,MobiDB_lite:mobidb-lite,MobiDB_lite:mobidb-lite",-,-,-,-,-,Ensembl
MAGI2,ENSG00000187391,ENST00000637441.1,protein_coding,16/21,missense_variant,2978,937,N/K,aaC/aaA,rs773558417,-,-,-,ENSP00000489633,G,G,"Gene3D:2.30.42.10,PANTHER:PTHR10316,PANTHER:PTHR10316:SF27,MobiDB_lite:mobidb-lite,MobiDB_lite:mobidb-lite",-,-,-,-,-,Ensembl
MAGI2,9863,NM_001301128.2,protein_coding,17/21,missense_variant,3344,999,N/K,aaC/aaA,rs773558417,-,-,-,NP_001288057.1,G,G,-,-,-,-,-,-,RefSeq
MAGI2,9863,NM_012301.4,protein_coding,18/22,missense_variant,3386,1013,N/K,aaC/aaA,rs773558417,YES,-,-,NP_036433.2,G,G,-,-,-,-,-,-,RefSeq
MAGI2,9863,XM_011516718.2,protein_coding,18/24,missense_variant,3278,1013,N/K,aaC/aaA,rs773558417,-,-,-,XP_011515020.1,G,G,-,-,-,-,-,-,RefSeq
MAGI2,9863,XM_011516719.3,protein_coding,18/24,missense_variant,6970,893,N/K,aaC/aaA,rs773558417,-,-,-,XP_011515021.1,G,G,-,-,-,-,-,-,RefSeq
MAGI2,9863,XM_011516720.3,protein_coding,18/24,missense_variant,18875,893,N/K,aaC/aaA,rs773558417,-,-,-,XP_011515022.1,G,G,-,-,-,-,-,-,RefSeq
MAGI2,9863,XM_011516726.3,protein_coding,15/21,missense_variant,2598,665,N/K,aaC/aaA,rs773558417,-,-,-,XP_011515028.1,G,G,-,-,-,-,-,-,RefSeq
MAGI2,9863,XM_011516728.1,protein_coding,14/20,missense_variant,2133,622,N/K,aaC/aaA,rs773558417,-,-,-,XP_011515030.1,G,G,-,-,-,-,-,-,RefSeq
MAGI2,9863,XM_017012840.2,protein_coding,19/25,missense_variant,3407,1056,N/K,aaC/aaA,rs773558417,-,-,-,XP_016868329.1,G,G,-,-,-,-,-,-,RefSeq
MAGI2,9863,XM_017012841.2,protein_coding,19/25,missense_variant,3404,1055,N/K,aaC/aaA,rs773558417,-,-,-,XP_016868330.1,G,G,-,-,-,-,-,-,RefSeq
MAGI2,9863,XM_017012842.2,protein_coding,19/25,missense_variant,3401,1054,N/K,aaC/aaA,rs773558417,-,-,-,XP_016868331.1,G,G,-,-,-,-,-,-,RefSeq
MAGI2,9863,XM_017012843.2,protein_coding,18/24,missense_variant,3365,1042,N/K,aaC/aaA,rs773558417,-,-,-,XP_016868332.1,G,G,-,-,-,-,-,-,RefSeq
MAGI2,9863,XM_017012844.2,protein_coding,19/23,missense_variant,3407,1056,N/K,aaC/aaA,rs773558417,-,-,-,XP_016868333.1,G,G,-,-,-,-,-,-,RefSeq
MAGI2,9863,XM_017012845.2,protein_coding,18/24,missense_variant,3272,1011,N/K,aaC/aaA,rs773558417,-,-,-,XP_016868334.1,G,G,-,-,-,-,-,-,RefSeq
MAGI2,9863,XM_017012846.2,protein_coding,17/23,missense_variant,3236,999,N/K,aaC/aaA,rs773558417,-,-,-,XP_016868335.1,G,G,-,-,-,-,-,-,RefSeq
MAGI2,9863,XM_017012847.2,protein_coding,19/25,missense_variant,16834,893,N/K,aaC/aaA,rs773558417,-,-,-,XP_016868336.1,G,G,-,-,-,-,-,-,RefSeq
MAGI2,9863,XM_017012848.2,protein_coding,17/23,missense_variant,6841,850,N/K,aaC/aaA,rs773558417,-,-,-,XP_016868337.1,G,G,-,-,-,-,-,-,RefSeq
MAGI2,9863,XM_017012849.2,protein_coding,17/23,missense_variant,6835,848,N/K,aaC/aaA,rs773558417,-,-,-,XP_016868338.1,G,G,-,-,-,-,-,-,RefSeq
MAGI2,9863,XM_017012850.2,protein_coding,19/24,missense_variant,3407,1056,N/K,aaC/aaA,rs773558417,-,-,-,XP_016868339.1,G,G,-,-,-,-,-,-,RefSeq
MAGI2,9863,XM_017012851.2,protein_coding,19/24,missense_variant,3407,1056,N/K,aaC/aaA,rs773558417,-,-,-,XP_016868340.1,G,G,-,-,-,-,-,-,RefSeq
MAGI2,9863,XM_017012852.2,protein_coding,19/23,missense_variant,3407,1056,N/K,aaC/aaA,rs773558417,-,-,-,XP_016868341.1,G,G,-,-,-,-,-,-,RefSeq
MAGI2,9863,XM_024447009.1,protein_coding,18/24,missense_variant,9464,893,N/K,aaC/aaA,rs773558417,-,-,-,XP_024302777.1,G,G,-,-,-,-,-,-,RefSeq
PDLIM2,ENSG00000120913,ENST00000308354.11,protein_coding,01-oct,missense_variant,647,203,G/E,gGa/gAa,rs1401948340,-,Q96JY6.163,Q96JY6-5,ENSP00000312634,G,G,-,-,-,-,-,-,Ensembl
PDLIM2,ENSG00000120913,ENST00000339162.11,protein_coding,01-oct,missense_variant,647,203,G/E,gGa/gAa,rs1401948340,-,Q96JY6.163,Q96JY6-5,ENSP00000342035,G,G,-,-,-,-,-,-,Ensembl
PDLIM2,64236,NM_021630.6,protein_coding,01-oct,missense_variant,647,203,G/E,gGa/gAa,rs1401948340,YES,-,-,NP_067643.3,G,G,-,-,-,-,-,-,RefSeq
MROH5,ENSG00000226807,ENST00000430863.5,protein_coding_LoF,feb-30,missense_variant,187,36,M/V,Atg/Gtg,rs746632513,YES,-,-,ENSP00000431031,T,T,-,-,-,-,-,-,Ensembl
