SYMBOL,Protein_position,Amino_acids,UNIPROT_ISOFORM,SWISSPROT,native_or_mutate,Template,seq_identity,Ligandos,posicion_ligando,protein-ligand_interaction_detected(PLIP),position_validation
AGRN,1012,A/T,O00468-6,O00468.200,native,3r05.1.A,0.2361,"""2-acetamido-2-deoxy-beta-D-glucopyranose-(1-4)-2-acetamido-2-deoxy-beta-D-glucopyranose"""," S.1162, N.1165, Y.1179",no,no
AGRN,1012,A/T,O00468-6,O00468.200,native,3r05.1.A ,0.2213,"""2-acetamido-2-deoxy-beta-D-glucopyranose-(1-4)-2-acetamido-2-deoxy-beta-D-glucopyranose"""," S.1162, N.1165, Y.1179",no,
AGRN,1012,A/T,O00468-6,O00468.200,native,3qcw.1.A,0.2374,"""2-acetamido-2-deoxy-beta-D-glucopyranose-(1-4)-2-acetamido-2-deoxy-beta-D-glucopyranose"""," S.1162, N.1165, Y.1179",no,
AGRN,1012,A/T,O00468-6,O00468.200,native,3qcw.1.A ,0.2247,"""2-acetamido-2-deoxy-beta-D-glucopyranose-(1-4)-2-acetamido-2-deoxy-beta-D-glucopyranose"""," S.1162, N.1165, Y.1179",no,
AGRN,1012,A/T,O00468-6,O00468.200,mutate,3r05.1.A ,0.2213,"""2-acetamido-2-deoxy-beta-D-glucopyranose-(1-4)-2-acetamido-2-deoxy-beta-D-glucopyranose"""," S.1162, N.1165, Y.1179",no,
AGRN,1012,A/T,O00468-6,O00468.200,mutate,3r05.1.A ,0.2361,"""2-acetamido-2-deoxy-beta-D-glucopyranose-(1-4)-2-acetamido-2-deoxy-beta-D-glucopyranose"""," S.1162, N.1165, Y.1179",no,
AGRN,1012,A/T,O00468-6,O00468.200,mutate,3poy.1.A ,0.2181,"""2-acetamido-2-deoxy-beta-D-glucopyranose-(1-4)-2-acetamido-2-deoxy-beta-D-glucopyranose"""," S.1162, N.1165, Y.1179",no,
AGRN,1012,A/T,O00468-6,O00468.200,mutate,3qcw.1.A,0.2264,"""2-acetamido-2-deoxy-beta-D-glucopyranose-(1-4)-2-acetamido-2-deoxy-beta-D-glucopyranose"""," S.1162, N.1165, Y.1179",no,
PLA2G2F,75,V/I,Q9BZM2-2,Q9BZM2.161,native,5wzs.1.A ,0.4545,"""CALCIUM ION"", ""2-[2-methyl-1-(naphthalen-1-ylmethyl)-3-oxamoyl-indol-4-yl]oxyethanoic acid""","Y.26, G.28, G.30, D.47",si,
PLA2G2F,75,V/I,Q9BZM2-2,Q9BZM2.161,native,5y5e.1.A ,0.4545,"""CALCIUM ION"", ""2-[3-(2-HYDROXY-1,1-DIHYDROXYMETHYL-ETHYLAMINO)-PROPYLAMINO]-2-HYDROXYMETHYL-PROPANE-1,3-DIOL"", ""2-[2-methyl-3-oxamoyl-1-[[2-(trifluoromethyl)phenyl]methyl]indol-4-yl]oxyethanoic acid""",""" Y.26, G.28, G.30, D.47"", ""Q.4, Y.65, L.66, F.67"", ""F.5, G.6, I.9, A.17, L.18, Y.20, G.21, Y.26, C.27, G.28, I.29, G.30, C.43, H.46, D.47, K.61, F.97""",si,
PLA2G2F,75,V/I,Q9BZM2-2,Q9BZM2.161,native,5wzo.1.A,0.4545,"""CALCIUM ION"", ""2-[3-(2-HYDROXY-1,1-DIHYDROXYMETHYL-ETHYLAMINO)-PROPYLAMINO]-2-HYDROXYMETHYL-PROPANE-1,3-DIOL""",""" Y.26, G.28, G.30, D.47"", ""Q.4, Y.65, L.66, F.67""",si,
PLA2G2F,75,V/I,Q9BZM2-2,Q9BZM2.161,native,5g3m.1.A,35.77%,"""CALCIUM ION""",""" Y.26, G.28, G.30, D.47""",si,
PLA2G2F,75,V/I,Q9BZM2-2,Q9BZM2.161,native,1le6.1.A ,35.77%,"""CALCIUM ION""",""" Y.26, G.28, G.30, D.47""",si,
PLA2G2F,75,V/I,Q9BZM2-2,Q9BZM2.161,native,1le6.2.A ,35.77%,"""CALCIUM ION""",""" Y.26, G.28, G.30, D.47""",si,
PLA2G2F,75,V/I,Q9BZM2-2,Q9BZM2.161,mutate,6g5j.1.A,33.86%,"""CALCIUM ION"", ""DMS""",""" Y.26, G.28, G.30, D.47"", "" K.64, Y.65, G.66, C.67, F.68, C.69, G.70, L.71, G.72, G.73""",si,
PLA2G2F,75,V/I,Q9BZM2-2,Q9BZM2.161,mutate,5g3m.1.A ,34.96%,"""CALCIUM ION"", ""4-BENZYLBENZAMIDE""",""" Y.26, G.28, G.30, D.47"", "" I.2, L.5, A.6, P.17, Y.20, M.21, F.26, C.27, G.28, C.43, H.46, D.47, I.94""",si,
PLA2G2F,75,V/I,Q9BZM2-2,Q9BZM2.161,mutate,1le7.1.A ,34.96%,"""CALCIUM ION""",""" Y.26, G.28, G.30, D.47""",si,
PLA2G2F,75,V/I,Q9BZM2-2,Q9BZM2.161,mutate,1le6.1.A,34.96%,"""CALCIUM ION""",""" Y.26, G.28, G.30, D.47""",si,
PLA2G2F,75,V/I,Q9BZM2-2,Q9BZM2.161,mutate,1le6.2.A ,34.96%,"""CALCIUM ION""",""" Y.26, G.28, G.30, D.47""",si,
PLA2G2F,75,V/I,Q9BZM2-2,Q9BZM2.161,mutate,5wzs.1.A ,45.45%," ""CALCIUM ION"", ""2-[2-methyl-3-oxamoyl-1-[[2-(trifluoromethyl)phenyl]methyl]indol-4-yl]oxyethanoic acid""",""" Y.26, G.28, G.30, D.47"", ""L.2, F.5, G.6, I.9, A.17, L.18, Y.20, N.21, Y.26, C.27, G.28, I.29, G.30, C.43, H.46, D.47, K.61, F.97""",si,
DNHD1,1714,S/L,Q96M86-3,Q96M86.145,native,,,,,,
DNHD1,1714,S/L,Q96M86-3,Q96M86.145,native,,,,,,
DNHD1,1714,S/L,Q96M86-3,Q96M86.145,native,,,,,,
DNHD1,1714,S/L,Q96M86-3,Q96M86.145,native,,,,,,
DNHD1,1714,S/L,Q96M86-3,Q96M86.145,native,,,,,,
DNHD1,1714,S/L,Q96M86-3,Q96M86.145,mutate,,,,,,
DNHD1,1714,S/L,Q96M86-3,Q96M86.145,mutate,,,,,,
DNHD1,1714,S/L,Q96M86-3,Q96M86.145,mutate,,,,,,
DNHD1,1714,S/L,Q96M86-3,Q96M86.145,mutate,,,,,,
DNHD1,1714,S/L,Q96M86-3,Q96M86.145,mutate,,,,,,
ATP2B2,61,K/R,Q01814-1,Q01814.220,native,,,,,,
ATP2B2,61,K/R,Q01814-1,Q01814.220,native,,,,,,
ATP2B2,61,K/R,Q01814-1,Q01814.220,native,,,,,,
ATP2B2,61,K/R,Q01814-1,Q01814.220,native,,,,,,
ATP2B2,61,K/R,Q01814-1,Q01814.220,native,,,,,,
ATP2B2,61,K/R,Q01814-1,Q01814.220,mutate,,,,,,
ATP2B2,61,K/R,Q01814-1,Q01814.220,mutate,,,,,,
ATP2B2,61,K/R,Q01814-1,Q01814.220,mutate,,,,,,
ATP2B2,61,K/R,Q01814-1,Q01814.220,mutate,,,,,,
ATP2B2,61,K/R,Q01814-1,Q01814.220,mutate,,,,,,
LMOD3,495,R/H,Q0VAK6-1,Q0VAK6.120,native,,,,,,
LMOD3,495,R/H,Q0VAK6-1,Q0VAK6.120,native,,,,,,
LMOD3,495,R/H,Q0VAK6-1,Q0VAK6.120,native,,,,,,
LMOD3,495,R/H,Q0VAK6-1,Q0VAK6.120,native,,,,,,
LMOD3,495,R/H,Q0VAK6-1,Q0VAK6.120,native,,,,,,
LMOD3,495,R/H,Q0VAK6-1,Q0VAK6.120,mutate,,,,,,
LMOD3,495,R/H,Q0VAK6-1,Q0VAK6.120,mutate,,,,,,
LMOD3,495,R/H,Q0VAK6-1,Q0VAK6.120,mutate,,,,,,
LMOD3,495,R/H,Q0VAK6-1,Q0VAK6.120,mutate,,,,,,
LMOD3,495,R/H,Q0VAK6-1,Q0VAK6.120,mutate,,,,,,
MAGI2,1013,N/K,Q86UL8-1,Q86UL8.183,native,,,,,,
MAGI2,1013,N/K,Q86UL8-1,Q86UL8.183,native,,,,,,
MAGI2,1013,N/K,Q86UL8-1,Q86UL8.183,native,,,,,,
MAGI2,1013,N/K,Q86UL8-1,Q86UL8.183,native,,,,,,
MAGI2,1013,N/K,Q86UL8-1,Q86UL8.183,native,,,,,,
MAGI2,1013,N/K,Q86UL8-1,Q86UL8.183,mutate,,,,,,
MAGI2,1013,N/K,Q86UL8-1,Q86UL8.183,mutate,,,,,,
MAGI2,1013,N/K,Q86UL8-1,Q86UL8.183,mutate,,,,,,
MAGI2,1013,N/K,Q86UL8-1,Q86UL8.183,mutate,,,,,,
MAGI2,1013,N/K,Q86UL8-1,Q86UL8.183,mutate,,,,,,
